intent,text,complexity,suggested_model
계정_관리,내 계정 비밀번호를 변경하고 싶어요.,simple,small
계정_관리,계정을 완전히 삭제하려면 어떻게 해야 하나요?,simple,small
계정_관리,2단계 인증을 설정하는 방법을 알려주세요.,simple,small
계정_관리,로그인 시 '계정 정지' 메시지가 나오는데 해결 방법이 있나요?,complex,large
계정_관리,가족 계정을 추가하려면 어떤 절차가 필요한가요?,complex,large
계정_관리,"해외에서 로그인 시도가 감지되었는데, 보안 조치가 가능한가요?",complex,large
계정_관리,계정 복구 이메일을 변경하려면 어떻게 해야 하나요?,simple,small
계정_관리,연동된 SNS 계정을 해제하는 방법을 모르겠어요.,simple,small
계정_관리,계정 활동 내역을 확인하고 의심스러운 로그를 신고하려면?,complex,large
계정_관리,결제 수단 정보를 업데이트하려면 어디로 가야 하나요?,simple,small
계정_관리,로그인 시 '잘못된 비밀번호' 오류가 계속 나와요. 어떻게 해결하나요?,complex,large
계정_관리,계정 복구 이메일을 받지 못했어요. 재전송 부탁드려요.,simple,small
계정_관리,가족 계정을 여러 개 관리할 수 있는 방법이 있나요?,complex,large
계정_관리,계정 보안 설정을 확인하고 싶어요.,simple,small
계정_관리,"해외에서 로그인 시도가 감지되었는데, 이게 정상인가요?",complex,large
계정_관리,계정 연동 해제를 하려면 어디로 가야 하나요?,simple,small
계정_관리,이전 계정과 새 계정을 병합할 수 있는 방법이 있을까요?,complex,large
계정_관리,로그인할 때 '계정 비활성화' 오류가 계속 나와요. 해결 방법이 있나요?,complex,large
계정_관리,내 계정에 연결된 이메일 주소를 변경하려면 어떻게 해야 하나요?,simple,small
계정_관리,계정 복구 절차를 진행 중인데 인증 메일이 오지 않아요. 도와주세요.,complex,large
계정_관리,가족 계정을 생성해서 자녀 계정을 관리하고 싶어요. 방법이 있나요?,complex,large
계정_관리,해외에서 로그인할 때 계정 보안 경고가 계속 발생해요. 어떻게 해결할 수 있나요?,complex,large
계정_관리,내 계정 활동 내역을 확인하고 싶어요. 어디서 볼 수 있나요?,simple,small
계정_관리,계정 연동된 결제 수단을 삭제하려고 하는데 메뉴가 보이지 않아요.,complex,large
계정_관리,계정을 삭제하고 싶어요.,simple,small
계정_관리,비밀번호 분실 시 어떻게 해야 하나요?,simple,small
계정_관리,계정 연동된 모든 서비스를 해지하려면 어떻게 해야 하나요?,complex,large
계정_관리,내 계정 활동 내역을 확인할 수 있는 곳이 있나요?,simple,small
계정_관리,가족 계정을 관리하는 기능이 있나요?,simple,small
계정_관리,해외에서 로그인 시 계정 잠금을 해제하는 절차가 궁금합니다.,complex,large
계정_관리,기업용 계정에서 팀 멤버 권한을 조정하는 방법을 알려주세요.,complex,large
계정_관리,계정 보안 알림 설정을 커스터마이징할 수 있나요?,complex,large
계정_관리,가족 계정을 추가해 공동 사용할 수 있나요?,simple,small
계정_관리,해외에서 로그인 시 계정 보안 절차가 어떻게 되나요?,complex,large
계정_관리,계정 연동된 이메일 주소를 변경하는 절차가 궁금합니다.,complex,large
계정_관리,기업용 계정과 개인용 계정을 동시에 관리할 수 있나요?,complex,large
계정_관리,계정 활동 내역에서 의심스러운 로그인을 발견했어요.,complex,large
계정_관리,로그인 시 '잘못된 비밀번호' 오류가 계속 나와요. 어떻게 해결해야 하나요?,complex,large
계정_관리,계정 연동된 이메일 주소를 변경하려면 어떤 절차가 필요한가요?,complex,large
계정_관리,"해외에서 로그인 시도가 차단되었는데, 어떻게 해제할 수 있나요?",,small
계정_관리,내 계정 활동 기록을 확인하고 싶어요.,simple,small
계정_관리,계정 복구 이메일을 받지 못했어요. 재전송 방법이 있나요?,simple,small
계정_관리,가족 계정과 개인 계정을 분리하는 방법을 문의드립니다.,complex,large
계정_관리,로그인할 때 '계정 정지' 메시지가 나오는데 해결 방법이 있나요?,complex,large
계정_관리,계정 연동된 이메일 주소를 변경하는 절차가 어떻게 되나요?,complex,large
계정_관리,비활성 계정 정책에서 예외 적용을 요청할 수 있을까요?,complex,large
계정_관리,프로필에 등록된 전화번호가 잘못된 것 같아요.,simple,small
계정_관리,계정 보안 알림 설정을 세부적으로 조정할 수 있나요?,complex,large
계정_관리,로그인 시 '계정 정지' 알림이 나오는데 해결 방법이 있나요?,complex,large
계정_관리,가족 계정을 추가해 여러 명이 사용할 수 있게 하고 싶어요.,complex,large
계정_관리,해외에서 로그인할 때 계정 보안 절차를 어떻게 완화할 수 있나요?,complex,large
계정_관리,내 계정 활동 기록을 확인하고 의심스러운 로그인을 신고하려면?,complex,large
계정_관리,이메일 주소가 변경됐는데 계정 정보를 업데이트하는 방법이 있나요?,simple,small
계정_관리,계정 복구 이메일로 인증 메일이 오지 않아요. 다른 방법이 있을까요?,complex,large
계정_관리,계정 연동된 결제 수단을 삭제하고 싶은데 어디서 할 수 있나요?,simple,small
계정_관리,가족 계정을 추가하려면 어떤 절차가 필요하나요?,complex,large
계정_관리,계정 연동된 이메일 주소를 변경하려면 어떻게 해야 하나요?,simple,small
계정_관리,계정 복구 절차를 진행 중인데 인증 메일이 오지 않아요.,complex,large
계정_관리,내 계정 활동 기록을 확인할 수 있는 방법이 있나요?,simple,small
계정_관리,계정 권한 분담을 위해 하위 관리자 계정을 생성하는 방법이 궁금합니다.,complex,large
계정_관리,"해외에서 로그인 시도가 감지되었는데, 내 계정이 해킹당한 걸까요?",complex,large
계정_관리,내 계정 활동 내역을 확인할 수 있는 방법이 있나요?,simple,small
계정_관리,기업용 계정과 개인용 계정을 분리하는 방법이 있을까요?,complex,large
주문_결제,주문한 상품 결제 어떻게 해요?,simple,large
주문_결제,결제 수단이 안 돼요. 어떻게 해결해야 하나요?,simple,large
주문_결제,주문 후 결제 취소 가능한가요? 방법은?,simple,large
주문_결제,"해외 결제가 안 되는데, 카드 문제인가요?",complex,large
주문_결제,부분 결제 가능한가요? 일부만 결제하고 싶어요.,complex,large
주문_결제,"결제 오류 메시지가 나오는데, 시스템 점검 중인가요?",complex,large
주문_결제,무통장 입금 계좌번호 다시 알려주세요.,simple,large
주문_결제,결제 완료됐는데 주문 내역에 안 보여요. 확인 부탁드려요.,complex,large
주문_결제,할인 쿠폰 적용 후 결제 금액이 달라 보여요. 왜 그런가요?,complex,large
주문_결제,배송비 포함 결제 금액 총 얼마인가요?,simple,large
주문_결제,주문 후 결제 취소 가능한가요? 만약 가능하다면 절차는 어떻게 되나요?,complex,large
주문_결제,카드 결제 오류 메시지가 계속 나와요. 도와주세요.,simple,large
주문_결제,부분 결제 가능한가요? 일부만 결제하고 나머지는 나중에 할 수 있나요?,complex,large
주문_결제,해외 카드로 결제하려고 하는데 제한이 있나요? 가능하다면 절차는 어떻게 되나요?,complex,large
주문_결제,결제 금액을 잘못 입력했어요. 수정 가능한가요?,simple,large
주문_결제,무통장 입금 후 입금 확인이 안 되고 있어요. 언제쯤 반영되나요?,complex,large
주문_결제,할인 쿠폰 적용 후 결제 금액이 달라졌어요. 정상인가요?,simple,large
주문_결제,주문한 물건 결제하려고 하는데 어떻게 해요?,simple,large
주문_결제,결제 수단이 안 돼요. 카드 오류인가요?,simple,large
주문_결제,주문 후 결제 취소하려면 어떻게 해야 하나요?,simple,large
주문_결제,분할 결제가 가능한가요? 3개월 할부로 하고 싶어요.,complex,large
주문_결제,결제 페이지에서 계속 오류가 나요. 주문번호 12345입니다.,complex,large
주문_결제,무통장 입금 계좌번호를 다시 알려주세요.,simple,large
주문_결제,해외 카드로 결제했는데 승인 거절됐어요. 해결 방법 있나요?,complex,large
주문_결제,결제 완료됐는데 아직 주문 상태가 '결제 대기'예요.,simple,large
주문_결제,포인트와 쿠폰을 동시에 사용할 수 있나요? 결제 시 적용 방법을 모르겠어요.,complex,large
주문_결제,배송비 결제 후 무료 배송 기준 금액을 넘겼어요. 환불받을 수 있나요?,complex,large
주문_결제,결제 수단을 변경하고 싶어요.,simple,large
주문_결제,주문 금액이 잘못 표시됐어요. 확인 부탁드립니다.,complex,large
주문_결제,카드 결제 승인 오류가 발생했어요. 도와주세요.,complex,large
주문_결제,무통장 입금 계좌번호를 알려주세요.,simple,large
주문_결제,결제 완료했는데 주문 내역에 안 보여요.,complex,large
주문_결제,할인 쿠폰이 자동 적용되지 않았어요.,complex,large
주문_결제,배송비 결제 방법을 선택할 수 있나요?,simple,large
주문_결제,부분 취소 시 결제 금액 조정이 가능한가요?,complex,large
주문_결제,해외 결제 시 추가 수수료가 발생하나요?,complex,large
주문_결제,카드 결제 오류 발생 시 대처 방법 알려주세요.,complex,large
주문_결제,결제 완료됐는데 주문 내역에 안 보여요.,simple,large
주문_결제,무통장 입금 계좌번호와 입금 기한을 알려주세요.,simple,large
주문_결제,해외 카드로 결제 시 추가 수수료가 발생하나요?,complex,large
주문_결제,결제 페이지에서 계속 오류가 나요. 도와주세요.,simple,large
주문_결제,분할 결제는 가능한가요? 최대 몇 회까지 되나요?,complex,large
주문_결제,결제 후 영수증 발급받을 수 있는 방법이 있나요?,complex,large
주문_결제,주문 후 결제 취소 가능한가요? 취소 방법 알려주세요.,simple,large
주문_결제,해외 카드로 결제하려는데 제한이 있나요? 수수료는 어떻게 되나요?,complex,large
주문_결제,결제 페이지에서 오류가 발생합니다. 시스템 점검 중인가요?,complex,large
주문_결제,분할 결제는 가능한가요? 3개월 할부로 처리하고 싶습니다.,complex,large
주문_결제,주문 금액과 실제 결제 금액이 다릅니다. 왜 그런가요?,simple,large
주문_결제,무통장 입금 후 입금 확인이 안 됩니다. 영업일 기준 몇 일 걸리나요?,complex,large
주문_결제,"결제 완료 알림 받았는데, 주문 내역에 없어요. 확인 부탁드립니다.",simple,large
주문_결제,포인트와 쿠폰을 동시에 사용해 결제할 수 있나요? 사용 조건이 궁금합니다.,complex,large
주문_결제,카드 결제 오류 발생 시 재시도 방법이 있나요?,complex,large
주문_결제,주문 후 결제 상태를 어디서 확인할 수 있나요?,simple,large
주문_결제,부분 취소 시 결제 금액은 어떻게 처리되나요?,complex,large
주문_결제,결제 완료 후 영수증 발급받을 수 있나요?,simple,large
주문_결제,할인 쿠폰 적용 후 결제 금액이 달라 보이는데 정상인가요?,complex,large
주문_결제,결제 페이지에서 '거래 취소' 알림이 뜨는데 어떻게 해야 하나요?,complex,large
주문_결제,주문한 물건 결제 어떻게 해요?,simple,large
주문_결제,주문 후 결제 취소 가능한가요? 방법은요?,complex,large
주문_결제,카드 결제 오류 발생했어요. 도와주세요.,simple,large
주문_결제,해외 카드로 결제할 때 추가 수수료가 있나요?,complex,large
주문_결제,결제 후 영수증 발급받을 수 있나요? PDF로 받고 싶어요.,complex,large
주문_결제,할인 쿠폰 적용 후 결제 금액이 달라 보여요.,complex,large
주문_결제,주문 결제 어떻게 해요?,simple,large
주문_결제,주문한 상품 결제 상태를 확인하고 싶어요.,simple,large
주문_결제,"결제 오류 메시지가 계속 나오는데, 도와주세요.",complex,large
주문_결제,카드 결제 시 할인 적용이 안 되어 있어요. 확인 부탁드립니다.,complex,large
주문_결제,해외 카드로 결제하려는데 제한이 있나요? 가능하다면 절차를 알려주세요.,complex,large
주문_결제,결제 완료됐는데 주문 내역에 안 보여요. 문제인가요?,simple,large
주문_결제,분할 결제를 원해요. 가능한 방법과 조건을 설명해 주세요.,complex,large
주문_결제,무통장 입금 후 입금 확인이 안 되고 있어요. 확인 부탁드립니다.,complex,large
주문_결제,주문했는데 결제가 안 됐어요.,simple,large
주문_결제,주문한 상품 결제 금액이 잘못 표시됐어요.,simple,large
주문_결제,결제 완료 후 주문 취소 가능한가요?,simple,large
주문_결제,해외 카드로 결제할 때 추가 수수료가 발생하나요?,complex,large
주문_결제,분할 결제를 요청했는데 한 번에 청구됐어요.,complex,large
주문_결제,결제 오류로 인해 주문이 중복 처리됐어요. 어떻게 해야 하나요?,complex,large
주문_결제,무통장 입금 후 입금 확인이 안 되고 있어요.,simple,large
주문_결제,결제 페이지에서 카드사 선택이 안 돼요. 어떻게 해결하나요?,complex,large
주문_결제,주문 후 7일 이내에 결제해야 하나요? 기간을 연장받을 수 있나요?,complex,large
배송_문의,주문한 상품 언제 도착하나요?,simple,small
배송_문의,배송 상태가 어떻게 되나요? 추적 번호 알려주세요.,simple,small
배송_문의,어제 주문했는데 아직 출고 전이라고 나와요. 언제 발송되나요?,complex,large
배송_문의,배송 기간이 얼마나 걸리나요? 주말에도 배송되나요?,simple,small
배송_문의,해외 배송 가능한가요? 관세 비용은 어떻게 되나요?,complex,large
배송_문의,배송지가 잘못 입력됐어요. 변경할 수 있나요?,simple,small
배송_문의,파손 주의 표시가 필요한 상품인데 안전하게 배송되나요?,complex,large
배송_문의,배송비 얼마인가요? 무료 배송 조건도 알려주세요.,simple,small
배송_문의,교환 신청했는데 새 상품은 언제 받을 수 있나요? 기존 상품 반품은 어떻게 해야 하나요?,complex,large
배송_문의,당일 배송 가능한 지역인가요? 급해서요.,simple,small
배송_문의,주문한 상품이 아직 도착하지 않았어요. 언제 받을 수 있나요?,simple,small
배송_문의,배송 상태를 확인할 수 있는 방법이 있나요?,simple,small
배송_문의,택배 기사가 연락도 없이 배송을 시도하지 않았어요. 어떻게 해야 하나요?,complex,large
배송_문의,주문한 지 3일이 지났는데 아직 출고 전이라고 나와요. 문제 있나요?,simple,small
배송_문의,해외 배송인데 통관 지연으로 인해 배송이 늦어지고 있다고 합니다. 해결 방법이 있을까요?,complex,large
배송_문의,배송지가 잘못 입력되었어요. 변경할 수 있나요?,simple,small
배송_문의,파손 주의 표시가 된 상품인데 배송 중 파손되었습니다. 보상 절차가 어떻게 되나요?,complex,large
배송_문의,당일 배송이 가능하다고 했는데 아직 출발하지 않았어요. 확인 부탁드립니다.,simple,small
배송_문의,여러 상품을 함께 주문했는데 일부만 배송되었습니다. 나머지 상품은 언제 오나요?,complex,large
배송_문의,배송 추적 번호가 유효하지 않다고 나와요. 재전송 받을 수 있나요?,simple,small
배송_문의,배송 상태가 어떻게 되나요?,simple,small
배송_문의,택배 기사님 연락처를 알 수 있을까요?,simple,small
배송_문의,해외 배송은 얼마나 걸리나요? 통관 절차는 어떻게 되나요?,complex,large
배송_문의,배송 추적이 안 돼요. 문제 있나요?,simple,small
배송_문의,수취인 부재 시 재배송 가능한가요? 추가 비용이 발생하나요?,complex,large
배송_문의,오늘 주문하면 내일 받을 수 있나요?,simple,small
배송_문의,배송지 변경을 요청하려고 하는데 가능한가요? 변경 절차는 어떻게 되나요?,complex,large
배송_문의,파손 주의 표시가 된 상품이 안전하게 배송되나요?,simple,small
배송_문의,제주도 배송 시 추가 비용이 있나요? 배송 기간은 어떻게 되나요?,complex,large
배송_문의,배송 상태 확인이 안 돼요. 어떻게 해야 하나요?,simple,small
배송_문의,해외 배송은 얼마나 걸리나요? 통관 지연 가능성도 있나요?,complex,large
배송_문의,"배송 추적이 안 되는데, 분실된 건 아닐까요?",complex,large
배송_문의,수취인 없이 문 앞에 두고 가도 될까요?,simple,small
배송_문의,교환 반품 시 배송비는 어떻게 처리되나요? 기존 배송비 환불도 가능한가요?,complex,large
배송_문의,배송지 주소를 잘못 입력했어요. 변경 가능한가요?,simple,small
배송_문의,주말이나 공휴일에도 배송이 되나요? 당일 배송 지역인가요?,complex,large
배송_문의,파손 주의 표시가 된 상품인데 안전하게 배송되나요?,complex,large
배송_문의,해외 배송은 얼마나 걸리나요? 관세도 걱정돼요.,complex,large
배송_문의,배송 추적이 안 되는데 확인 부탁드립니다.,simple,small
배송_문의,수취인 부재 시 재배송 가능한가요? 추가 비용은요?,complex,large
배송_문의,주문한 지 3일 지났는데 아직 출발 전이에요.,simple,small
배송_문의,교환 상품 배송 기간은 기존과 동일한가요?,complex,large
배송_문의,배송지 변경 가능한가요? 오늘 중으로 처리 부탁드려요.,complex,large
배송_문의,배송비 무료 기준 다시 한번 알려주세요.,simple,small
배송_문의,주문한 상품이 언제 도착하나요?,simple,small
배송_문의,배송 상태를 확인할 수 있을까요?,simple,small
배송_문의,택배 기사님 연락처가 어떻게 되나요?,simple,small
배송_문의,배송이 예상보다 늦는데 문제가 있나요?,complex,large
배송_문의,해외 배송은 어떻게 진행되나요? 관세는 어떻게 처리되나요?,complex,large
배송_문의,배송지 주소를 변경하고 싶은데 가능한가요?,simple,small
배송_문의,배송 추적 번호가 아직 안 왔어요. 언제 받을 수 있나요?,simple,small
배송_문의,교환 신청 후 새 상품은 언제 발송되나요? 기존 반품은 어떻게 하나요?,complex,large
배송_문의,주말이나 공휴일에도 배송이 되나요?,simple,small
배송_문의,택배 기사님 연락처가 필요해요.,simple,small
배송_문의,배송 추적 번호가 안 보여요. 확인 부탁드려요.,simple,small
배송_문의,교환 신청했는데 새 상품은 언제 발송되나요?,complex,large
배송_문의,배송지 주소를 잘못 입력했어요. 변경 가능할까요?,complex,large
배송_문의,파손 우려로 안전 배송 가능한지 문의드려요.,complex,large
배송_문의,택배가 아직 안 왔는데 언제 올까요?,simple,small
배송_문의,배송 추적 번호를 알려주세요.,simple,small
배송_문의,해외 배송은 얼마나 걸리나요? 관세도 발생하나요?,complex,large
배송_문의,파손 우려로 안전 배송 가능한지 궁금합니다.,complex,large
배송_문의,당일 배송 가능한가요? 급합니다.,simple,small
배송_문의,배송 중 분실 시 보상 정책이 어떻게 되나요?,complex,large
배송_문의,배송 기사님 연락처를 알 수 있을까요?,simple,small
배송_문의,어제 주문했는데 아직 배송 시작 안 된 것 같아요. 확인 부탁드립니다.,simple,small
배송_문의,배송이 예상보다 늦어요. 언제쯤 받을 수 있을까요?,simple,small
배송_문의,해외 배송인데 통관 지연으로 인해 배송이 지연되고 있습니다. 추가 지연 예상되나요?,complex,large
배송_문의,주문한 상품이 파손된 상태로 도착했어요. 반품 및 재배송 절차를 알려주세요.,complex,large
배송_문의,배송지 주소를 잘못 입력했어요. 아직 출발 전인데 주소 변경 가능한가요?,complex,large
배송_문의,당일 배송 가능한가요? 지금 주문하면 오늘 받을 수 있을까요?,simple,small
배송_문의,배송 기사님과 직접 연락할 수 있는 방법이 있나요? 수령 시간을 조정하려고 합니다.,complex,large
배송_문의,무료 배송 조건인 5만 원 이상 구매했는데 배송비가 부과되었어요. 확인 부탁드립니다.,complex,large
배송_문의,어제 주문했는데 아직 배송 시작 안 됐어요. 문제 있나요?,simple,small
배송_문의,해외 배송은 얼마나 걸리나요? 관세도 포함되어 있나요?,complex,large
배송_문의,교환 신청했는데 새 상품은 언제 발송되나요? 기존 반품은 어떻게 해야 하나요?,complex,large
배송_문의,택배 기사님 연락처가 필요해요. 직접 연락할 수 있나요?,simple,small
배송_문의,주말에도 배송이 되나요? 공휴일 영향은 없나요?,complex,large
배송_문의,파손 우려로 안전 배송 요청했는데 처리됐나요?,simple,small
배송_문의,부분 배송된 상품 중 일부가 누락됐어요. 재송부 가능한가요?,complex,large
상품_정보,이 제품 재고가 있나요?,simple,small
상품_정보,이 상품의 환불 정책은 어떻게 되나요?,simple,small
상품_정보,이 제품의 사이즈와 색상 옵션을 알려주세요.,simple,small
상품_정보,이 상품의 배송 기간과 비용은 어떻게 되나요?,simple,small
상품_정보,이 제품과 호환되는 액세서리가 있나요?,simple,small
상품_정보,이 상품의 제조 국가와 A/S 기간을 자세히 설명해 주세요.,complex,large
상품_정보,이 제품의 성능 사양과 경쟁사 대비 차별점을 알고 싶습니다.,complex,large
상품_정보,이 상품의 구성품 목록과 각 부품의 보증 기간을 문의드립니다.,complex,large
상품_정보,이 제품의 에너지 효율 등급과 전기 소비량을 비교해 주실 수 있나요?,complex,large
상품_정보,이 상품의 해외 배송 가능 여부와 관세 부과 기준을 알려주세요.,complex,large
상품_정보,이 상품의 배송 기간은 어떻게 되나요?,simple,small
상품_정보,A 모델과 B 모델의 기능 차이가 뭔가요?,simple,small
상품_정보,이 제품의 AS 기간은 어떻게 되나요?,simple,small
상품_정보,할인 중인 상품들을 알려주세요.,simple,small
상품_정보,"이 제품의 소재, 사이즈, 세탁 방법을 자세히 설명해 주세요.",complex,large
상품_정보,"해외 배송 가능한 상품인지, 관세와 배송비는 어떻게 되는지 궁금합니다.",complex,large
상품_정보,"최신 스마트폰과 이전 모델의 성능, 카메라, 배터리 수명을 비교해 주세요.",complex,large
상품_정보,이 의류의 치수표와 실제 착용감이 어떤지 후기와 함께 알려주세요.,complex,large
상품_정보,"구매하려는 노트북의 호환성(OS, 포트, 업그레이드 가능성)을 확인하고 싶어요.",complex,large
상품_정보,이 모델의 주요 기능과 사양을 알려주세요.,simple,small
상품_정보,A 제품과 B 제품의 차이점을 설명해 주실 수 있나요?,complex,large
상품_정보,이 제품의 환불 정책이 어떻게 되나요?,simple,small
상품_정보,최신 버전의 스마트폰과 이전 버전의 성능 차이를 알고 싶어요.,complex,large
상품_정보,이 의류의 소재와 세탁 방법을 알려주세요.,simple,small
상품_정보,구매하려는 노트북의 보증 기간과 AS 정책을 상세히 설명해 주세요.,complex,large
상품_정보,이 책의 저자 소개와 목차 일부를 볼 수 있을까요?,simple,small
상품_정보,"스마트 워치의 호환성, 배터리 수명, 방수 기능에 대해 종합적으로 설명해 주세요.",complex,large
상품_정보,이 제품의 환불 정책은 어떻게 되나요?,simple,small
상품_정보,최신 버전의 스마트폰과 이전 모델의 성능 차이를 알고 싶습니다.,complex,large
상품_정보,"해외 배송이 가능한지, 관세와 배송비는 어떻게 되나요?",complex,large
상품_정보,이 노트북의 보증 기간과 AS 정책을 자세히 설명해 주세요.,complex,large
상품_정보,할인 중인 상품들을 모두 볼 수 있을까요?,simple,small
상품_정보,이 제품의 A/S 기간은 얼마나 되나요?,simple,small
상품_정보,이 상품과 비슷한 다른 제품이 있을까요?,simple,small
상품_정보,이 제품의 제조 국가와 소재 정보를 자세히 알고 싶어요.,complex,large
상품_정보,이 상품의 프로모션 적용 여부와 할인율을 비교해 주세요.,complex,large
상품_정보,이 제품의 사용 후기와 함께 주요 기능별 성능을 설명해 주실 수 있나요?,complex,large
상품_정보,이 상품의 해외 배송 가능 여부와 관세 포함 가격을 문의드립니다.,complex,large
상품_정보,이 상품과 호환되는 액세서리가 있는지 궁금합니다.,complex,large
상품_정보,이 제품의 제조 국가와 인증 정보를 자세히 알고 싶어요.,complex,large
상품_정보,이 상품의 구성품 목록과 각 부품의 사양을 알려주세요.,complex,large
상품_정보,이 제품의 에너지 효율 등급과 소비 전력량을 확인할 수 있을까요?,complex,large
상품_정보,이 상품의 해외 배송 가능 여부와 관세 부과 기준을 설명해 주세요.,complex,large
상품_정보,제품 구성품과 사이즈를 자세히 알고 싶어요.,simple,small
상품_정보,이 모델의 주요 기능과 사양을 비교해 주세요.,complex,large
상품_정보,환불 정책은 어떻게 되나요?,simple,small
상품_정보,최신 버전의 제품에서 개선된 점이 무엇인지 궁금합니다.,complex,large
상품_정보,할인 혜택이나 프로모션이 진행 중인가요?,simple,small
상품_정보,해외 배송 가능 여부와 관세 비용은 어떻게 되나요?,complex,large
상품_정보,이 상품의 AS 기간과 서비스 범위를 알려주세요.,complex,large
상품_정보,3년 무상 보증이 적용되는 모델인지 확인 부탁드립니다.,complex,large
상품_정보,이 노트북의 배터리 수명은 얼마나 되나요?,simple,small
상품_정보,해외 배송 가능 여부와 관세에 대해 자세히 설명해 주세요.,complex,large
상품_정보,해외 배송 가능 여부와 관세 포함 가격을 문의드립니다.,complex,large
상품_정보,이 의류의 소재 구성 비율과 세탁 방법을 알고 싶어요.,complex,large
상품_정보,할인 중인 이 제품의 정가와 할인율을 비교해 주세요.,complex,large
상품_정보,구매하려는 제품의 A/S 정책과 보증 기간을 문의드립니다.,complex,large
상품_정보,해당 가전제품의 에너지 효율 등급과 소비 전력량을 알려주세요.,complex,large
기술_지원,프린터가 작동하지 않아요. 어떻게 해야 하나요?,simple,large
기술_지원,프로그램 설치 중 오류가 발생합니다. 해결 방법을 알려주세요.,simple,large
기술_지원,와이파이 연결이 자주 끊기는데 설정 확인 방법을 모르겠습니다.,simple,large
기술_지원,소프트웨어 업데이트 후 화면이 깜빡이는 현상이 발생합니다. 원인을 알려주세요.,complex,large
기술_지원,서버 연결 시간이 초과된다는 오류 메시지가 계속 뜹니다. 네트워크 진단 방법이 있나요?,complex,large
기술_지원,스마트폰 충전 속도가 느려졌어요. 배터리 상태를 확인하는 방법이 있을까요?,simple,large
기술_지원,API 연동 중 인증 오류가 발생합니다. 로그 분석 및 해결 절차를 안내해 주세요.,complex,large
기술_지원,마우스 드라이버가 설치되지 않았다고 나옵니다. 재설치 방법을 모르겠어요.,simple,large
기술_지원,데이터베이스 동기화 중 타임아웃 오류가 발생합니다. 최적화 방안을 제시해 주세요.,complex,large
기술_지원,헤드셋에서 소리가 나지 않아요. 연결 상태와 드라이버를 점검해 봐야 할까요?,simple,large
기술_지원,소프트웨어 업데이트 후 오류가 발생합니다. 해결 방법이 있나요?,simple,large
기술_지원,앱에서 로그인할 때 '서버 오류' 메시지가 계속 뜹니다. 어떻게 해야 하나요?,simple,large
기술_지원,무선 헤드셋과 스마트폰이 연결되지 않습니다. 페어링 방법을 알려주세요.,simple,large
기술_지원,"카메라 앱이 갑자기 종료되는데, 시스템 로그 분석이나 펌웨어 재설치가 필요할까요?",complex,large
기술_지원,"API 연동 중 500 Internal Server Error가 발생하는데, 백엔드 로그와 헤더 정보를 함께 확인해야 할까요?",complex,large
기술_지원,라우터의 DHCP 설정이 클라이언트 IP 할당에 실패하는 것 같습니다. 서브넷 마스크와 게이트웨이 설정을 점검해야 하나요?,complex,large
기술_지원,데이터베이스 마이그레이션 중 외래 키 제약 조건 위반 오류가 발생합니다. 롤백 절차와 스키마 검증이 필요한가요?,complex,large
기술_지원,스마트폰 화면이 반응하지 않아요. 하드웨어 문제인지 소프트웨어 버그인지 어떻게 확인할 수 있나요?,simple,large
기술_지원,클라우드 스토리지 동기화 시 '권한 없음' 오류가 발생합니다. IAM 정책과 버킷 정책을 모두 확인해야 할까요?,complex,large
기술_지원,"앱에서 로그인할 때 '서버 오류' 메시지가 계속 뜨는데, 어떻게 해야 하나요?",simple,large
기술_지원,무선 헤드셋과 스마트폰이 페어링되지 않습니다. 연결 방법을 알려주세요.,simple,large
기술_지원,"카메라 렌즈가 초점을 맞추지 못하는 문제가 있는데, 하드웨어 결함인가요?",complex,large
기술_지원,"API 연동 중 '403 Forbidden' 오류가 발생하는데, 인증 설정이나 권한 문제를 어떻게 확인해야 하나요?",complex,large
기술_지원,"네트워크 지연 현상이 발생하는데, 라우터 설정이나 QoS 정책을 점검해야 할까요?",complex,large
기술_지원,데이터베이스 마이그레이션 중 'Deadlock' 오류가 발생합니다. 트랜잭션 격리 수준을 조정해야 하나요?,complex,large
기술_지원,스마트 TV가 Wi-Fi에 연결되지만 인터넷 접속이 안 됩니다. DNS 설정이나 방화벽 문제일 수 있나요?,complex,large
기술_지원,"클라우드 스토리지 동기화 시 '권한 없음' 오류가 발생하는데, IAM 정책이나 버킷 정책을 어떻게 수정해야 하나요?",complex,large
기술_지원,소프트웨어 설치 중 오류가 발생했어요. 해결 방법을 알려주세요.,simple,large
기술_지원,"앱이 자꾸 꺼지는데, 버그인가요? 최신 버전으로 업데이트해야 하나요?",simple,large
기술_지원,무선 헤드셋 연결 시 끊김 현상이 발생합니다. 드라이버 재설치가 필요할까요?,complex,large
기술_지원,서버 연결 시간이 초과됩니다. 네트워크 설정이나 방화벽 문제일 수 있나요?,complex,large
기술_지원,카메라 초점 오류로 사진이 흐리게 나옵니다. 센서 청소나 펌웨어 업데이트가 필요할까요?,complex,large
기술_지원,"로그인 시 '인증 실패' 메시지가 뜨는데, 계정 잠금 상태인가요?",simple,large
기술_지원,"USB 포트에 장치를 연결해도 인식이 안 됩니다. 포트 고장인가요, 아니면 호환성 문제인가요?",complex,large
기술_지원,배터리 소모 속도가 갑자기 빨라졌어요. 배터리 상태 진단이나 OS 최적화가 필요할까요?,complex,large
기술_지원,마이크에서 잡음이 많이 들립니다. 설정 조정이나 하드웨어 교체가 필요할까요?,complex,large
기술_지원,프린터가 안 돼요. 어떻게 해야 하나요?,simple,large
기술_지원,앱이 자꾸 꺼져요. 재설치해야 하나요?,simple,large
기술_지원,와이파이 연결이 불안정합니다. 설정 확인 방법 알려주세요.,simple,large
기술_지원,소프트웨어 업데이트 후 화면이 깨집니다. 롤백 방법이 있나요?,complex,large
기술_지원,블루투스 헤드셋 페어링 오류 발생 시 해결 절차를 상세히 알려주세요.,complex,large
기술_지원,서버 연결 시간 초과 오류가 반복됩니다. 네트워크 진단 및 로그 분석 요청드립니다.,complex,large
기술_지원,마우스 드라이버 설치 후 인식되지 않습니다. 호환성 문제인가요?,simple,large
기술_지원,API 호출 시 500 에러 발생. 백엔드 로그와 프론트엔드 코드 검토 부탁드립니다.,complex,large
기술_지원,모니터에 신호 없음 표시. 케이블/포트 점검 후에도 동일합니다.,simple,large
기술_지원,데이터베이스 마이그레이션 중 무결성 오류 발생. 롤백 및 복구 절차 문의드립니다.,complex,large
기술_지원,소프트웨어 설치 중 오류가 발생합니다. 해결 방법을 알려주세요.,simple,large
기술_지원,와이파이 연결이 자주 끊기는데 설정 확인이 필요한가요?,simple,large
기술_지원,"API 연동 시 인증 오류가 발생하는데, 요청 헤더와 토큰 유효성 검사 절차를 설명해 주세요.",complex,large
기술_지원,모니터에 깜빡임 현상이 있습니다. 드라이버 업데이트 방법이 궁금합니다.,simple,large
기술_지원,서버 응답 시간이 지연될 때 네트워크 대역폭과 백엔드 처리 로그의 상관관계를 분석하는 방법은 무엇인가요?,complex,large
기술_지원,마우스 오른쪽 버튼이 안 눌려요. 물리적 결함인가요?,simple,large
기술_지원,"클라우드 스토리지 동기화 실패 시, 로컬 캐시 데이터와 원격 저장소 버전 충돌을 해결하는 단계를 알려주세요.",complex,large
기술_지원,키보드에 일부 키가 반응하지 않습니다. 청소 방법을 문의드립니다.,simple,large
기술_지원,데이터베이스 쿼리 최적화 시 인덱스 생성 전략과 실행 계획 분석 도구를 활용한 디버깅 절차를 설명해 주세요.,complex,large
기술_지원,소프트웨어 설치 중 오류가 발생했습니다. 해결 방법을 알려주세요.,simple,large
기술_지원,"와이파이 연결이 자주 끊기는데, 네트워크 설정 확인 방법을 모르겠어요.",simple,large
기술_지원,스마트폰 화면이 반응하지 않아요. 하드웨어 문제인지 소프트웨어 문제인지 모르겠어요.,complex,large
기술_지원,"클라우드 동기화 중 '인증 실패' 오류가 발생하는데, 어떤 자격 증명을 입력해야 하나요?",complex,large
기술_지원,"VPN 연결 시 '프로토콜 불일치' 오류가 뜨는데, 어떤 설정을 변경해야 하나요?",complex,large
기술_지원,"카메라 앱이 갑자기 종료되는데, 캐시 삭제 외에 다른 해결 방법이 있을까요?",simple,large
기술_지원,외부 모니터 연결 시 해상도가 자동으로 조정되지 않아요. 드라이버 문제인지 확인 부탁드립니다.,complex,large
기술_지원,배터리 소모 속도가 갑자기 빨라졌어요. 백그라운드 앱이나 시스템 설정을 점검해야 할까요?,complex,large
기술_지원,키보드의 특정 키가 입력되지 않아요. 물리적 결함인지 소프트웨어 버그인지 모르겠어요.,simple,large
기술_지원,소프트웨어 업데이트 후 오류가 발생했어요. 해결 방법이 있나요?,simple,large
기술_지원,무선 연결이 자꾸 끊기는데 설정 확인 방법을 알려주세요.,simple,large
기술_지원,API 연동 시 인증 오류가 발생합니다. 로그 분석 및 해결 방안을 요청드립니다.,complex,large
기술_지원,화면 깜빡임 현상이 있는데 드라이버 재설치로 해결 가능한가요?,simple,large
기술_지원,서버 응답 지연 문제가 지속되고 있습니다. 네트워크 진단 및 최적화 방안을 제안해 주세요.,complex,large
기술_지원,배터리 소모가 너무 빠른데 정상인가요?,simple,large
기술_지원,데이터베이스 동기화 중 타임아웃 오류가 발생합니다. 트랜잭션 로그 및 쿼리 튜닝이 필요합니다.,complex,large
기술_지원,헤드셋에서 소리가 안 나와요. 연결 상태를 확인해 봤는데도 안 됩니다.,simple,large
기술_지원,클라우드 스토리지 동기화 실패 시 로컬 캐시 정리 및 재시도 로직을 어떻게 구현해야 하나요?,complex,large
기술_지원,"앱에서 로그인이 안 되는데, 계정 문제인가요?",simple,large
기술_지원,네트워크 연결 불안정으로 인해 데이터 동기화가 안 됩니다. 진단 방법을 알려주세요.,complex,large
기술_지원,카메라 모듈에 물리적 손상이 있는 것 같아요. 수리 가능한지 문의드립니다.,simple,large
기술_지원,"API 연동 시 인증 오류가 발생하는데, 요청 헤더와 응답 코드를 함께 확인 부탁드립니다.",complex,large
기술_지원,배터리 수명이 급격히 줄었어요. 진단 도구 실행 후 로그를 첨부합니다.,complex,large
기술_지원,마우스 클릭이 반응하지 않아요. 드라이버 재설치를 해도 해결되지 않습니다.,simple,large
기술_지원,서버 응답 시간이 2초 이상 지연되고 있습니다. TTL 값과 라우팅 테이블을 점검해 주세요.,complex,large
기술_지원,헤드폰에서 잡음이 납니다. 펌웨어 업데이트와 임피던스 테스트 결과를 함께 보냅니다.,complex,large
기술_지원,카메라 앱이 갑자기 종료됩니다. 시스템 로그 분석 후 원인을 알려주세요.,complex,large
기술_지원,API 연동 시 '403 Forbidden' 오류가 발생합니다. 인증 설정 및 백엔드 로그 확인이 필요합니다.,complex,large
기술_지원,라우터의 펌웨어 업데이트 후 일부 기기가 인터넷에 접속되지 않습니다. 네트워크 진단 절차를 안내해주세요.,complex,large
기술_지원,VR 헤드셋의 트래킹 오류가 발생합니다. 센서 보정 및 드라이버 재설치 방법을 설명해주세요.,complex,large
기술_지원,클라우드 스토리지 동기화 중 '파일 충돌' 오류가 반복됩니다. 충돌 해결 정책과 버전 관리 방법을 알려주세요.,complex,large
기술_지원,스마트폰 배터리 소모가 갑자기 빨라졌습니다. 배터리 상태 진단 및 최적화 방법을 단계별로 설명해주세요.,complex,large
반품_환불,반품하고 싶어요.,simple,large
반품_환불,환불 받으려면 어떻게 해야 하나요?,simple,large
반품_환불,제품을 받았는데 불량이에요. 반품할 수 있나요?,simple,large
반품_환불,구매한 지 일주일 지났는데 환불이 가능한가요?,complex,large
반품_환불,배송 중 파손된 상품을 반품하려고 합니다. 절차가 어떻게 되나요?,complex,large
반품_환불,환불 금액을 다른 결제 수단으로 받을 수 있나요?,complex,large
반품_환불,사이즈가 안 맞아서 반품하려고요. 어떻게 하면 될까요?,simple,large
반품_환불,교환 대신 환불을 받고 싶은데 가능한가요?,complex,large
반품_환불,반품 신청 후 환불까지 얼마나 걸리나요?,simple,large
반품_환불,부분 환불이 가능한 상품인가요? 일부 품목만 반품하고 싶어요.,complex,large
반품_환불,제품을 받았는데 불량이에요. 반품하고 싶어요.,simple,large
반품_환불,주문한 상품이 잘못 왔어요. 환불 받을 수 있나요?,simple,large
반품_환불,구매한 지 7일 지났는데 반품 가능한가요? 교환도 가능한지요.,complex,large
반품_환불,택배 송장번호는 어떻게 확인하나요? 반품 신청하려고요.,simple,large
반품_환불,부분 환불이 가능한가요? 일부 상품만 반품하고 싶어요.,complex,large
반품_환불,환불 처리 기간이 얼마나 걸리나요? 계좌 정보도 알려주세요.,complex,large
반품_환불,사이즈가 안 맞아서 반품하려고요. 어떻게 해야 하나요?,simple,large
반품_환불,반품 신청 후 환불금은 언제 입금되나요? 수수료도 있나요?,complex,large
반품_환불,상품이 파손되어 왔어요. 사진 첨부해서 반품 신청할 수 있나요?,complex,large
반품_환불,결제 취소 대신 반품을 선택하면 어떻게 되나요?,simple,large
반품_환불,제품이 고장 났어요. 반품하고 싶어요.,simple,large
반품_환불,배송받은 상품이 사진과 달라요. 환불 받을 수 있나요?,simple,large
반품_환불,구매한 지 2주 지났는데 반품 가능한가요? 교환도 가능한지요.,complex,large
반품_환불,제품 불량으로 인해 환불을 요청합니다. 반품 주소 알려주세요.,complex,large
반품_환불,잘못 주문했어요. 취소하고 환불 받고 싶습니다.,simple,large
반품_환불,사용해 보니 기능이 작동하지 않아요. 반품 절차와 환불 기간을 알려주세요.,complex,large
반품_환불,색상 변경해서 다시 보내줄 수 있나요? 아니면 환불해 주세요.,simple,large
반품_환불,"A/S 불가능한 제품이라 반품하려는데, 운송비 부담은 어떻게 되나요?",complex,large
반품_환불,구매한 상품이 파손되어 도착했어요. 사진 첨부해서 환불 신청합니다.,complex,large
반품_환불,주문한 물건 불량인데 반품 어떻게 해요?,simple,large
반품_환불,배송받은 상품이 파손되었어요. 환불 받을 수 있나요?,simple,large
반품_환불,사이즈가 안 맞아서 반품하려고 하는데 절차가 어떻게 되나요?,simple,large
반품_환불,구매한 지 7일 지났는데 환불이 가능한가요? 아직 미사용 상태입니다.,complex,large
반품_환불,"제품이 설명과 달라서 반품하려는데, 반품 주소 알려주세요.",simple,large
반품_환불,부분 환불 가능한가요? 상품 일부만 반품하고 싶어요.,complex,large
반품_환불,환불 신청했는데 처리 상태가 어떻게 되나요? 3일 지났어요.,complex,large
반품_환불,교환 대신 환불을 받고 싶습니다. 어떻게 해야 하나요?,simple,large
반품_환불,해외에서 구매한 상품인데 반품 시 배송비는 누가 부담하나요?,complex,large
반품_환불,"결제 취소 대신 환불을 요청하려는데, 처리 기간이 얼마나 걸리나요?",complex,large
반품_환불,제품이 불량이에요. 반품하고 싶어요.,simple,large
반품_환불,환불 처리 상태를 확인하고 싶어요. 진행 상황이 어떻게 되나요?,complex,large
반품_환불,상품을 잘못 주문했어요. 취소하고 환불받고 싶습니다.,simple,large
반품_환불,부분 환불이 가능한가요? 일부 상품만 반품하려고 합니다.,complex,large
반품_환불,반품 신청 후 택배 방문 일정을 어떻게 조정하나요?,complex,large
반품_환불,환불 금액은 언제 입금되나요? 계좌 정보도 변경해야 할 것 같아요.,complex,large
반품_환불,상품에 하자가 있어 반품합니다. 증빙 자료는 어떻게 제출하나요?,complex,large
반품_환불,제품을 반품하고 싶어요.,simple,large
반품_환불,잘못 온 상품을 반품하려고 합니다. 절차가 어떻게 되나요?,simple,large
반품_환불,구매한 지 7일 지났는데 환불이 가능한가요? 교환도 가능한지요.,complex,large
반품_환불,"배송 중 파손된 제품을 반품하려고 하는데, 어떻게 해야 하나요?",complex,large
반품_환불,환불 신청 후 얼마나 걸리나요? 계좌 정보도 변경해야 할 것 같아요.,complex,large
반품_환불,사이즈가 안 맞아서 반품하려고 합니다. 택배비는 누가 내나요?,simple,large
반품_환불,환불 대신 교환으로 처리하고 싶은데 가능한가요? 새 상품은 언제 받을 수 있나요?,complex,large
반품_환불,주문 취소하고 환불을 받고 싶습니다. 아직 배송 전이에요.,simple,large
반품_환불,"제품 불량으로 반품하려는데, 증빙 서류를 어떻게 제출해야 하나요? 환불은 언제 되나요?",complex,large
반품_환불,제품이 망가져서 반품하려고요.,simple,large
반품_환불,주문한 물건이 잘못 왔어요. 환불 받을 수 있나요?,simple,large
반품_환불,배송 중 파손된 상품을 반품하려고 하는데 절차가 어떻게 되나요?,complex,large
반품_환불,사이즈가 안 맞아서 교환 대신 환불을 원합니다.,simple,large
반품_환불,구매한 지 7일 이내인데 품질 문제로 환불이 가능한가요?,complex,large
반품_환불,잘못 주문한 상품을 취소하고 환불을 받고 싶어요.,simple,large
반품_환불,A/S 불가 판정을 받은 제품을 반품하려고 하는데 필요한 서류가 있나요?,complex,large
반품_환불,색상 차이가 너무 심해서 환불받고 싶습니다.,simple,large
반품_환불,해외직구 상품의 반품 시 관세 환급 절차는 어떻게 되나요?,complex,large
반품_환불,사용한 제품도 환불이 가능한가요? 문제가 있어서요.,complex,large
반품_환불,배송된 상품이 파손되어 반품하려고 합니다.,complex,large
반품_환불,구매한 옷을 환불받고 싶은데 절차가 어떻게 되나요?,simple,large
반품_환불,결제 취소와 환불을 동시에 진행할 수 있나요?,complex,large
반품_환불,잘못 주문한 상품을 반품하려고 합니다.,simple,large
반품_환불,A/S 불가 판정 받은 제품을 환불받을 수 있을까요?,complex,large
반품_환불,교환 대신 환불을 원합니다. 가능한가요?,simple,large
반품_환불,해외직구 상품의 반품 시 관세 환급도 가능한가요?,complex,large
반품_환불,구매 7일 이내 반품 시 전액 환불이 되나요?,complex,large
반품_환불,구매한 옷이 작아서 교환하고 싶어요.,simple,large
반품_환불,배송된 상품이 파손되어 반품하려고 합니다. 절차는 어떻게 되나요?,complex,large
반품_환불,결제 취소하고 환불 받을 수 있나요?,simple,large
반품_환불,사용한 지 2주가 지났는데 환불이 가능한가요? 정책 확인이 필요합니다.,complex,large
반품_환불,잘못 주문했어요. 반품 주소 알려주세요.,simple,large
반품_환불,환불 처리 기간이 얼마나 걸리나요?,simple,large
반품_환불,해외에서 구매한 상품인데 반품 시 관세 문제는 어떻게 해결하나요?,complex,large
반품_환불,상품에 하자가 있어 환불을 요청합니다. 처리 절차 알려주세요.,complex,large
반품_환불,잘못 주문했어요. 취소하고 환불받고 싶습니다.,simple,large
반품_환불,반품 신청 후 환불까지 얼마나 걸리나요? 부분 환불도 가능한가요?,complex,large
반품_환불,사용해 봤는데 마음에 안 들어요. 반품 정책 확인 부탁드립니다.,simple,large
반품_환불,제품이 파손되어 도착했어요. 사진 첨부해서 환불 요청할게요.,complex,large
반품_환불,환불 받으면 카드 취소까지 며칠 걸리나요? 수수료도 있나요?,complex,large
